matchID,home,away,home_elo,away_elo,home_xG,home_xA,away_xG,away_xA,home_goals,away_goals,outcome
1,Manchester United,Burnley,1922.3458252,1716.9017334000002,1.1818751758571235,,0.7462789711719738,,1,0,
2,Aston Villa,Manchester City,1731.87036133,2014.91601562,0.7257145283800515,,3.5145475308669543,,0,2,
3,Southampton,Crystal Palace,1706.79846191,1694.02648926,0.946968324114098,,0.6928660486983977,,0,1,
4,Arsenal,Fulham,1857.2833252,1633.59924316,2.0503506452778,,0.20629509786649464,,3,0,
5,Liverpool,Leeds United,1933.28735352,1775.25720215,1.9086875378467132,,0.4439682743742098,,4,3,
6,Everton,Tottenham Hotspur,1774.03796387,1816.67138672,1.1186391042300565,,1.0993267220174474,,1,0,
7,West Brom,Leicester City,1621.23864746,1810.60266113,0.5079028005339377,,1.2558570157392601,,0,3,
8,West Ham United,Newcastle United,1799.13098145,1712.66674805,1.5220029740048437,,1.544350301477611,,0,2,
9,Chelsea,Brighton,1921.72802734,1724.37426758,0.6870818257881954,,1.1742275942563989,,3,1,
10,Wolves,Sheffield United,1739.90820312,1610.62585449,1.0589153084825034,,1.1493881020864827,,2,0,
11,Arsenal,West Ham United,1857.2833252,1799.13098145,0.8779951021651207,,1.7655310649073608,,2,1,
12,Sheffield United,Aston Villa,1610.62585449,1731.87036133,0.3231092748774309,,1.4422902193819127,,0,1,
13,Liverpool,Chelsea,1933.28735352,1921.72802734,1.7227040186519957,,0.37452401961921855,,2,0,
14,Everton,West Brom,1774.03796387,1621.23864746,4.295050343688464,,0.32627803038135056,,5,2,
15,Fulham,Leeds United,1633.59924316,1775.25720215,1.0839226081474036,,0.927904994571984,,3,4,
16,Burnley,Leicester City,1716.9017334000002,1810.60266113,1.497565524377483,,1.321188267840625,,2,4,
17,Manchester United,Crystal Palace,1922.3458252,1694.02648926,1.214121038874315,,1.0592876726417384,,1,3,
18,Newcastle United,Brighton,1712.66674805,1724.37426758,0.5236601129352513,,0.9654068684961082,,0,3,
19,Southampton,Tottenham Hotspur,1706.79846191,1816.67138672,1.2913173189686673,,1.1090439900602216,,2,5,
20,Wolves,Manchester City,1739.90820312,2014.91601562,0.7981116413828231,,0.8746848717698675,,1,3,
21,Manchester United,Brighton,1922.3458252,1724.37426758,0.6633591173421474,,1.8550679248192588,,3,2,
22,Burnley,Southampton,1716.9017334000002,1706.79846191,0.7005935871012414,,0.5057208430026078,,0,1,
23,Crystal Palace,Everton,1694.02648926,1774.03796387,0.6808285828659837,,1.32915106617122,,1,2,
24,Aston Villa,Fulham,1731.87036133,1633.59924316,1.3244878599748762,,1.3682303636970856,,3,0,
25,Liverpool,Arsenal,1933.28735352,1857.2833252,2.049209573311309,,0.4043633753899483,,3,1,
26,Leicester City,Manchester City,1810.60266113,2014.91601562,0.7122684409268567,,1.2996951222295803,,5,2,
27,Sheffield United,Leeds United,1610.62585449,1775.25720215,1.4297036237638134,,1.3788914712131097,,0,1,
28,Newcastle United,Tottenham Hotspur,1712.66674805,1816.67138672,0.48122347325669296,,3.371664972551575,,1,1,
29,West Brom,Chelsea,1621.23864746,1921.72802734,0.6698802290014659,,1.9842889068798302,,3,3,
30,Wolves,West Ham United,1739.90820312,1799.13098145,0.763011186334129,,2.2723667710603435,,0,4,
31,Sheffield United,Arsenal,1610.62585449,1857.2833252,0.22893372929044203,,0.5381459456977605,,1,2,
32,Aston Villa,Aston Villa,1731.87036133,1731.87036133,1.7835328526715633,,1.7835328526715633,,7,7,
33,Crystal Palace,Chelsea,1694.02648926,1921.72802734,0.22697947008831715,,1.7564587106064808,,0,4,
34,Everton,Brighton,1774.03796387,1724.37426758,1.399376079811326,,1.2094846560235921,,4,2,
35,Leeds United,Manchester City,1775.25720215,2014.91601562,1.9423866396694307,,1.793025857991391,,1,1,
36,West Ham United,Leicester City,1799.13098145,1810.60266113,1.790050154264314,,0.2821829208777713,,3,0,
37,Manchester United,Tottenham Hotspur,1922.3458252,1816.67138672,0.3619608601877361,,2.3746065780255408,,1,6,
38,Newcastle United,Burnley,1712.66674805,1716.9017334000002,1.0362523230426297,,0.7370648714567942,,3,1,
39,Southampton,West Brom,1706.79846191,1621.23864746,1.130412451933671,,0.23852447164913834,,2,0,
40,Wolves,Fulham,1739.90820312,1633.59924316,1.1162544655320203,,0.758520794573928,,1,0,
41,Southampton,Chelsea,1706.79846191,1921.72802734,1.2189961447151154,,1.6389251133746163,,3,3,
42,Brighton,Crystal Palace,1724.37426758,1694.02648926,2.358059567957671,,0.1228073512102828,,1,1,
43,Everton,Liverpool,1774.03796387,1933.28735352,1.4240916373780914,,2.6212429106719233,,2,2,
44,Leeds United,Wolves,1775.25720215,1739.90820312,1.4894295691736432,,0.5144962808526881,,0,1,
45,Aston Villa,Leicester City,1731.87036133,1810.60266113,0.9450554730675762,,0.7007089709542536,,1,0,
46,Arsenal,Manchester City,1857.2833252,2014.91601562,0.8603657093998582,,0.980522230423484,,0,1,
47,Manchester United,Newcastle United,1922.3458252,1712.66674805,1.7687524801788406,,0.6977899693444418,,4,1,
48,Fulham,Sheffield United,1633.59924316,1610.62585449,1.3361264513516562,,0.8835255118559768,,1,1,
49,Tottenham Hotspur,West Ham United,1816.67138672,1799.13098145,1.1476962131732884,,1.928287881988819,,3,3,
50,Burnley,West Brom,1716.9017334000002,1621.23864746,1.0631581780440713,,1.2313398027077493,,0,0,
51,Leicester City,Arsenal,1810.60266113,1857.2833252,0.3562859382360546,,1.2947315492284337,,1,0,
52,Leeds United,Aston Villa,1775.25720215,1731.87036133,2.687608895794286,,0.9745900750500904,,3,0,
53,Brighton,West Brom,1724.37426758,1621.23864746,0.3887475809661797,,0.4371501672531386,,1,1,
54,Burnley,Tottenham Hotspur,1716.9017334000002,1816.67138672,1.3831716713552733,,0.9151079363276043,,0,1,
55,Liverpool,Brighton,1933.28735352,1724.37426758,0.32964053808358124,,0.8283019304651601,,1,1,
56,Crystal Palace,Fulham,1694.02648926,1633.59924316,2.026217614554745,,1.0983631132933667,,2,1,
57,Tottenham Hotspur,Chelsea,1816.67138672,1921.72802734,0.21934453268021215,,1.3129326941930743,,0,0,
58,Liverpool,Sheffield United,1933.28735352,1610.62585449,1.8866031104396417,,0.9777753742621896,,2,1,
59,Crystal Palace,Newcastle United,1694.02648926,1712.66674805,0.9842532042181686,,1.1201612966299206,,0,2,
60,Manchester United,Chelsea,1922.3458252,1921.72802734,1.086010398978986,,0.3010840098629515,,0,0,
61,Leeds United,Everton,1775.25720215,1774.03796387,2.284655025602951,,1.3040085622631354,,1,0,
62,Southampton,Everton,1706.79846191,1774.03796387,0.9971827890627987,,0.43787130202769076,,2,0,
63,Leicester City,Fulham,1810.60266113,1633.59924316,1.448820600513689,,0.7291869423173334,,1,2,
64,Manchester City,West Ham United,2014.91601562,1799.13098145,0.9417681966107382,,0.37376414896589877,,1,1,
65,Burnley,Manchester City,1716.9017334000002,2014.91601562,0.629675539363388,,1.8713102087516458,,0,5,
66,Newcastle United,Wolves,1712.66674805,1739.90820312,0.26361391312374394,,0.8710284488932123,,1,1,
67,Manchester United,Southampton,1922.3458252,1706.79846191,1.6509898087107397,,0.605357350615113,,3,2,
68,Aston Villa,Southampton,1731.87036133,1706.79846191,1.7666387134503205,,0.8098205458883001,,3,4,
69,Sheffield United,West Brom,1610.62585449,1621.23864746,2.492788999912392,,1.707666742095098,,0,1,
70,Chelsea,Burnley,1921.72802734,1716.9017334000002,1.1968898581066205,,0.22019862706648716,,3,0,
71,West Ham United,Aston Villa,1799.13098145,1731.87036133,0.6094093219252972,,1.6149571384813184,,2,1,
72,West Brom,Fulham,1621.23864746,1633.59924316,0.7550053139007034,,1.1531421542072198,,0,2,
73,Newcastle United,Aston Villa,1712.66674805,1731.87036133,0.8203491009012602,,1.7822484690633795,,0,2,
74,Leicester City,Leeds United,1810.60266113,1775.25720215,1.347694232933978,,1.4105267646600266,,4,1,
75,Southampton,Brighton,1706.79846191,1724.37426758,0.7687747203666417,,1.2209521710418354,,2,1,
76,Liverpool,West Ham United,1933.28735352,1799.13098145,0.7236586551271326,,0.388499810212243,,2,1,
77,Burnley,Everton,1716.9017334000002,1774.03796387,0.6564878396692769,,1.3865900796574029,,1,1,
78,Arsenal,Manchester United,1857.2833252,1922.3458252,0.4582446909014303,,0.6348095402257247,,1,0,
79,Chelsea,Leeds United,1921.72802734,1775.25720215,4.179327727425006,,0.70421400793433,,3,1,
80,Newcastle United,Everton,1712.66674805,1774.03796387,1.6890632024061423,,1.3815302705323662,,2,1,
81,Wolves,Liverpool,1739.90820312,1933.28735352,0.6879208322777671,,1.3048333202387563,,0,4,
82,Manchester City,Sheffield United,2014.91601562,1610.62585449,1.5672089671647247,,0.18530328202632382,,1,0,
83,Manchester City,Fulham,2014.91601562,1633.59924316,1.4838586644794869,,0.5402501459329023,,2,0,
84,Tottenham Hotspur,Brighton,1816.67138672,1724.37426758,1.1604875663167118,,0.5967705844403446,,2,1,
85,Leicester City,Sheffield United,1810.60266113,1610.62585449,0.9842883630583465,,0.5750356746386741,,2,1,
86,Crystal Palace,Wolves,1694.02648926,1739.90820312,1.0173739844772696,,1.2107382399626756,,0,2,
87,Tottenham Hotspur,Arsenal,1816.67138672,1857.2833252,0.22647994139369837,,1.0149782930660975,,2,0,
88,Aston Villa,Arsenal,1731.87036133,1857.2833252,1.6738848079502175,,1.199723746860896,,3,0,
89,Crystal Palace,West Brom,1694.02648926,1621.23864746,1.8306549125847336,,1.0368399497823746,,5,1,
90,Brighton,Burnley,1724.37426758,1716.9017334000002,1.4980418575487902,,0.6792887222233759,,0,0,
91,West Ham United,Manchester United,1799.13098145,1922.3458252,2.001635767539614,,0.918824692204915,,1,3,
92,Sheffield United,Chelsea,1610.62585449,1921.72802734,0.5578652706412061,,1.8739610434418295,,1,4,
93,Burnley,Arsenal,1716.9017334000002,1857.2833252,1.6363844070252676,,1.7290424627231582,,1,0,
94,Crystal Palace,Leeds United,1694.02648926,1775.25720215,0.7065022822304321,,1.0305968056879768,,4,1,
95,Crystal Palace,Tottenham Hotspur,1694.02648926,1816.67138672,1.8376522691821413,,1.0182921717974118,,1,1,
96,Manchester United,Everton,1922.3458252,1774.03796387,0.8508661400014168,,0.5871997763211972,,3,1,
97,Everton,Chelsea,1774.03796387,1921.72802734,0.8288036264366664,,0.7355382775934738,,1,0,
98,Leicester City,Wolves,1810.60266113,1739.90820312,0.9317528180170563,,0.6008913322290885,,1,0,
99,Liverpool,Fulham,1933.28735352,1633.59924316,0.8933763151867506,,1.0394617965903827,,1,1,
100,Manchester City,Liverpool,2014.91601562,1933.28735352,0.6474726289694228,,0.5915477338313307,,1,1,
101,Leeds United,West Ham United,1775.25720215,1799.13098145,1.3425034284499935,,1.9259301356358407,,1,2,
102,Southampton,Newcastle United,1706.79846191,1712.66674805,1.074589889348262,,0.4763485217810165,,2,0,
103,Brighton,Leicester City,1724.37426758,1810.60266113,0.9153748025822401,,1.2787963347972127,,0,3,
104,Tottenham Hotspur,West Brom,1816.67138672,1621.23864746,1.606080105134017,,1.0890448688177754,,1,0,
105,Manchester United,Manchester City,1922.3458252,2014.91601562,1.0394524214611842,,0.7073667719900608,,0,0,
106,Fulham,West Ham United,1633.59924316,1799.13098145,1.0702677320005343,,1.6496745904935244,,0,1,
107,West Brom,Newcastle United,1621.23864746,1712.66674805,0.7669698459886103,,1.0371092401937412,,1,2,
108,Brighton,Aston Villa,1724.37426758,1731.87036133,0.8601576586741471,,1.3267847607927226,,2,1,
109,Southampton,Sheffield United,1706.79846191,1610.62585449,1.5309205741147869,,0.5382820877677418,,3,0,
110,Burnley,Crystal Palace,1716.9017334000002,1694.02648926,0.797287072358401,,1.4301982843355656,,1,0,
111,Wolves,Aston Villa,1739.90820312,1731.87036133,1.2571373100187426,,0.8653903914410939,,0,1,
112,Everton,Fulham,1774.03796387,1633.59924316,1.5157358798402156,,1.10874417347196,,3,2,
113,Southampton,Arsenal,1706.79846191,1857.2833252,0.6981572632890056,,0.5136757472974232,,1,1,
114,Arsenal,Leeds United,1857.2833252,1775.25720215,0.682601799966783,,2.0823972159927435,,0,0,
115,Aston Villa,Burnley,1731.87036133,1716.9017334000002,2.41913258825169,,0.38533725378140593,,0,0,
116,Leicester City,Liverpool,1810.60266113,1933.28735352,1.5356153576720568,,3.664222494819285,,0,3,
117,Fulham,Brighton,1633.59924316,1724.37426758,0.9796079469522085,,0.909880059640931,,0,0,
118,Manchester United,West Brom,1922.3458252,1621.23864746,1.636374966470477,,0.7149222466696575,,1,0,
119,Leeds United,Newcastle United,1775.25720215,1712.66674805,2.8170260950650508,,1.3794770704409252,,5,2,
120,Chelsea,Newcastle United,1921.72802734,1712.66674805,1.1276514503923358,,0.39547890567880617,,2,0,
121,Leicester City,Everton,1810.60266113,1774.03796387,1.0397388978725117,,2.266015079543851,,0,2,
122,West Ham United,Sheffield United,1799.13098145,1610.62585449,2.302596608404027,,0.7351480652310799,,1,0,
123,Sheffield United,Manchester United,1610.62585449,1922.3458252,1.6051682548683952,,1.1141083917642565,,2,3,
124,Tottenham Hotspur,Manchester City,1816.67138672,2014.91601562,0.21556072461380815,,2.2839171804767364,,2,0,
125,West Ham United,Crystal Palace,1799.13098145,1694.02648926,0.7698730897315029,,1.187721925241742,,1,1,
126,Southampton,Wolves,1706.79846191,1739.90820312,0.615542408850512,,1.8383951712877353,,1,1,
127,Chelsea,Wolves,1921.72802734,1739.90820312,1.4763000690866013,,0.6610597298106113,,1,2,
128,Arsenal,Wolves,1857.2833252,1739.90820312,1.5257173169498721,,1.6985277147046665,,1,2,
129,Liverpool,Tottenham Hotspur,1933.28735352,1816.67138672,1.3671425671165793,,0.6917022670659507,,2,1,
130,Manchester City,West Brom,2014.91601562,1621.23864746,2.4516690679881394,,0.4033769461916964,,1,1,
131,Sheffield United,Brighton,1610.62585449,1724.37426758,0.33451545614537626,,3.07021796819874,,1,1,
132,Burnley,Wolves,1716.9017334000002,1739.90820312,1.6303786500154593,,1.0564872626177029,,2,1,
133,West Ham United,Chelsea,1799.13098145,1921.72802734,0.7014607069170711,,1.5639119510070973,,0,3,
134,Crystal Palace,Liverpool,1694.02648926,1933.28735352,0.4883778462094922,,1.8054282007446687,,0,7,
135,Everton,Arsenal,1774.03796387,1857.2833252,0.7538695111102975,,1.005510174075412,,2,1,
136,Manchester United,Leeds United,1922.3458252,1775.25720215,2.5651992586786365,,2.031948401734081,,6,2,
137,Fulham,Newcastle United,1633.59924316,1712.66674805,0.9242839658307173,,0.8669769017743799,,1,1,
138,Everton,West Ham United,1774.03796387,1799.13098145,0.722358571114283,,1.2196674196602413,,0,1,
139,Everton,Newcastle United,1774.03796387,1712.66674805,1.0893211646097238,,1.0015885978178634,,0,2,
140,Aston Villa,Manchester United,1731.87036133,1922.3458252,1.7728537916669456,,1.5803634941672393,,1,2,
141,Leeds United,Leicester City,1775.25720215,1810.60266113,1.4290996643808027,,1.5298998798961936,,3,1,
142,Manchester United,Newcastle United,1922.3458252,1712.66674805,1.312596239845203,,0.47319440722457345,,3,1,
143,Leicester City,Newcastle United,1810.60266113,1712.66674805,0.5802575555539351,,0.9777205713599021,,2,1,
144,Sheffield United,Manchester City,1610.62585449,2014.91601562,0.18263388881556175,,1.397320589928541,,0,1,
145,Chelsea,Southampton,1921.72802734,1706.79846191,0.7410764353298285,,0.5762979155278031,,1,1,
146,Liverpool,Southampton,1933.28735352,1706.79846191,1.6530793366756313,,0.2912968760313215,,0,1,
147,Southampton,Aston Villa,1706.79846191,1731.87036133,1.7536267303446853,,0.6352589834595308,,0,1,
148,West Ham United,Tottenham Hotspur,1799.13098145,1816.67138672,1.4441896710913158,,1.4741319413514757,,2,1,
149,Tottenham Hotspur,Leeds United,1816.67138672,1775.25720215,1.674265502191828,,1.4019765695451485,,3,0,
150,Fulham,West Brom,1633.59924316,1621.23864746,1.1020419531430174,,0.5370220991119441,,2,2,
151,Leeds United,Wolves,1775.25720215,1739.90820312,2.468751476459789,,0.7570238996290101,,0,1,
152,West Brom,Arsenal,1621.23864746,1857.2833252,0.5642596586162814,,2.8749355427371155,,0,4,
153,West Ham United,Liverpool,1799.13098145,1933.28735352,1.1994687544876195,,1.4355349019594135,,1,3,
154,Chelsea,Manchester United,1921.72802734,1922.3458252,1.1642107599829832,,0.4248348585635476,,0,0,
155,Crystal Palace,Arsenal,1694.02648926,1857.2833252,1.0467814562128097,,0.8520294810467598,,0,0,
156,West Ham United,Aston Villa,1799.13098145,1731.87036133,1.4553024105861838,,0.702619562179235,,3,1,
157,Fulham,Crystal Palace,1633.59924316,1694.02648926,1.6815685978014767,,0.2796144120007864,,0,0,
158,Tottenham Hotspur,Aston Villa,1816.67138672,1731.87036133,1.1241281523292028,,0.5112485232009186,,2,0,
159,Burnley,Manchester City,1716.9017334000002,2014.91601562,0.09539957838258134,,1.6505474882289202,,0,2,
160,Southampton,Everton,1706.79846191,1774.03796387,0.6912256338314182,,0.8450384170272971,,0,1,
161,Manchester United,Fulham,1922.3458252,1633.59924316,1.7019223969474706,,0.79379651514346,,2,1,
162,Fulham,Leicester City,1633.59924316,1810.60266113,0.7350884000517175,,1.0308624919307627,,0,2,
163,Aston Villa,Leeds United,1731.87036133,1775.25720215,1.0329218884780218,,1.0706531499721599,,1,0,
164,Southampton,Leeds United,1706.79846191,1775.25720215,1.0719595038255327,,1.0553057499703564,,0,3,
165,Leeds United,Everton,1775.25720215,1774.03796387,1.5226551621670783,,1.3548733167143812,,1,2,
166,Arsenal,Leicester City,1857.2833252,1810.60266113,1.6219890189925934,,0.5732102939915182,,3,1,
167,Leicester City,Chelsea,1810.60266113,1921.72802734,0.7276396099953324,,1.032203371694697,,2,0,
168,Sheffield United,West Brom,1610.62585449,1621.23864746,1.4983333787227413,,1.639025738168133,,2,1,
169,West Ham United,Manchester City,1799.13098145,2014.91601562,1.8039164443491587,,0.7901354116961543,,1,2,
170,Sheffield United,Newcastle United,1610.62585449,1712.66674805,1.6405855127393385,,0.7144211136745926,,1,0,
171,Arsenal,Wolves,1857.2833252,1739.90820312,0.6348464150628595,,1.1026967023629404,,1,2,
172,Wolves,Newcastle United,1739.90820312,1712.66674805,1.2990317974161885,,1.4404615414242699,,1,1,
173,West Brom,West Ham United,1621.23864746,1799.13098145,0.3550551283315947,,1.3787065097478077,,1,2,
174,Manchester United,Southampton,1922.3458252,1706.79846191,2.7915101739554347,,0.2023477362124293,,9,0,
175,Sheffield United,Liverpool,1610.62585449,1933.28735352,0.6308161436712827,,2.0853624183923185,,0,2,
176,Everton,Wolves,1774.03796387,1739.90820312,0.5188430403216038,,1.0223740698404078,,2,1,
177,Newcastle United,Crystal Palace,1712.66674805,1694.02648926,2.647637315598443,,0.8202723885674296,,1,2,
178,Burnley,Tottenham Hotspur,1716.9017334000002,1816.67138672,0.8100821128159563,,1.318192122379691,,0,4,
179,Burnley,Burnley,1716.9017334000002,1716.9017334000002,0.5158700701080937,,0.5158700701080937,,1,1,
180,Chelsea,Tottenham Hotspur,1921.72802734,1816.67138672,1.2197954695620017,,0.5905582239508307,,1,0,
181,West Brom,Brighton,1621.23864746,1724.37426758,0.9936908943285633,,1.5648607850514802,,1,0,
182,Manchester City,Brighton,2014.91601562,1724.37426758,1.2761535090155343,,0.2525822515788849,,1,0,
183,Liverpool,Brighton,1933.28735352,1724.37426758,0.6614092056915546,,1.4674921679743116,,0,1,
184,Aston Villa,Wolves,1731.87036133,1739.90820312,0.7928386654106734,,1.736684464033138,,0,0,
185,Arsenal,Newcastle United,1857.2833252,1712.66674805,2.073542243211866,,0.2669928216296704,,3,0,
186,Arsenal,Aston Villa,1857.2833252,1731.87036133,1.1683708171989367,,1.0277829895041928,,0,1,
187,Leicester City,Brighton,1810.60266113,1724.37426758,0.872478994431085,,0.6206141324375118,,2,1,
188,Everton,Aston Villa,1774.03796387,1731.87036133,1.6307830535731658,,0.9624786009818078,,0,0,
189,Brighton,Burnley,1724.37426758,1716.9017334000002,0.7485557861264667,,2.152812461309555,,1,1,
190,Burnley,Arsenal,1716.9017334000002,1857.2833252,0.771457859675972,,1.7556196829356205,,1,1,
191,Fulham,Chelsea,1633.59924316,1921.72802734,0.6826717073679436,,1.9496828805362911,,0,1,
192,Fulham,West Ham United,1633.59924316,1799.13098145,1.6729484458503932,,1.226643297754836,,0,0,
193,Everton,Chelsea,1774.03796387,1921.72802734,0.3525408024700932,,1.3080534572602518,,0,2,
194,Brighton,Leeds United,1724.37426758,1775.25720215,1.073940778566963,,0.4765679905331459,,1,0,
195,Leeds United,Crystal Palace,1775.25720215,1694.02648926,2.2392857579400958,,0.6003003429963906,,2,0,
196,Liverpool,Fulham,1933.28735352,1633.59924316,1.3382874417988977,,1.289852399527434,,0,1,
197,Leicester City,Southampton,1810.60266113,1706.79846191,1.653451890738023,,0.5493853997759963,,2,0,
198,Manchester City,Liverpool,2014.91601562,1933.28735352,2.2802951518204315,,0.7220144203863265,,4,1,
199,Manchester City,Manchester United,2014.91601562,1922.3458252,1.705667586108077,,0.7633669255515458,,0,2,
200,Manchester United,Liverpool,1922.3458252,1933.28735352,0.769681061748518,,1.3452515890932926,,0,0,
201,Manchester United,Everton,1922.3458252,1774.03796387,1.5244483598939649,,1.0583381978656783,,3,3,
202,Southampton,Sheffield United,1706.79846191,1610.62585449,0.9354739625662758,,0.830319939824339,,2,0,
203,Crystal Palace,Manchester City,1694.02648926,2014.91601562,0.06898289085220229,,1.1194277277532492,,0,4,
204,Newcastle United,Southampton,1712.66674805,1706.79846191,0.5415994328010445,,1.3986010619489182,,3,2,
205,Crystal Palace,Tottenham Hotspur,1694.02648926,1816.67138672,0.6510239189446354,,2.264838853581057,,1,4,
206,Tottenham Hotspur,Sheffield United,1816.67138672,1610.62585449,0.9592757713331626,,0.9742699869127691,,3,1,
207,Sheffield United,Chelsea,1610.62585449,1921.72802734,0.47579206500608173,,0.6874106424810883,,1,2,
208,Newcastle United,West Brom,1712.66674805,1621.23864746,0.703425404648393,,2.091813518037683,,0,0,
209,Burnley,West Ham United,1716.9017334000002,1799.13098145,0.5470658930109318,,2.1864730405899806,,0,1,
210,West Brom,Tottenham Hotspur,1621.23864746,1816.67138672,0.7081314241928944,,1.0656629482638114,,0,2,
211,Leeds United,West Ham United,1775.25720215,1799.13098145,1.2450583557377997,,1.908936693667532,,0,2,
212,Wolves,West Brom,1739.90820312,1621.23864746,2.476372826188948,,1.1339685038243716,,2,3,
213,Leicester City,Wolves,1810.60266113,1739.90820312,1.053967924536082,,1.2911665707370492,,0,0,
214,Arsenal,Tottenham Hotspur,1857.2833252,1816.67138672,1.0646426463221028,,0.4683988401948626,,2,1,
215,Brighton,Fulham,1724.37426758,1633.59924316,1.8217453135355415,,0.7383580395828379,,0,0,
216,Arsenal,Leeds United,1857.2833252,1775.25720215,1.3488445115146483,,0.9880086489795231,,4,2,
217,Crystal Palace,West Brom,1694.02648926,1621.23864746,0.40232679057152265,,0.9283149611966787,,1,0,
218,Burnley,Aston Villa,1716.9017334000002,1731.87036133,0.9001229166505473,,1.8716099982752583,,3,2,
219,Aston Villa,Brighton,1731.87036133,1724.37426758,0.17296191211773682,,2.2459385183187184,,0,0,
220,Burnley,Everton,1716.9017334000002,1774.03796387,1.1609382525610923,,1.6448717495450615,,2,1,
221,Everton,Leicester City,1774.03796387,1810.60266113,1.0962475774486538,,1.3179710684332897,,1,1,
222,Chelsea,Newcastle United,1921.72802734,1712.66674805,2.1630097097427856,,0.9756304077002573,,2,0,
223,Fulham,Manchester City,1633.59924316,2014.91601562,0.29195233288660577,,1.0257801910341953,,0,3,
224,Manchester United,Sheffield United,1922.3458252,1610.62585449,1.454546579311629,,1.0281621338521658,,1,2,
225,Crystal Palace,Burnley,1694.02648926,1716.9017334000002,0.8073458044596498,,1.7365636646116793,,0,3,
226,Leeds United,Chelsea,1775.25720215,1921.72802734,0.6197948081003863,,1.4867571269162094,,0,0,
227,Manchester City,West Brom,2014.91601562,1621.23864746,1.7719778776215924,,0.5537607374587123,,5,0,
228,Fulham,Everton,1633.59924316,1774.03796387,2.2038998389337574,,0.5928995947176353,,2,0,
229,Leicester City,Sheffield United,1810.60266113,1610.62585449,2.437862220209285,,0.1078813507966948,,5,0,
230,Chelsea,Wolves,1921.72802734,1739.90820312,1.0700765152081102,,0.27090749327641256,,0,0,
231,Leicester City,Liverpool,1810.60266113,1933.28735352,1.097721173462342,,2.007196738419391,,3,1,
232,West Ham United,Manchester United,1799.13098145,1922.3458252,0.8799630366389928,,1.5323927445861907,,0,1,
233,Newcastle United,Leeds United,1712.66674805,1775.25720215,1.6035450621276075,,0.771198081606181,,1,2,
234,Tottenham Hotspur,Manchester City,1816.67138672,2014.91601562,0.3909940373818597,,1.5424142398515528,,0,3,
235,Newcastle United,Aston Villa,1712.66674805,1731.87036133,1.448272296749507,,0.8460744227143908,,1,1,
236,Southampton,Arsenal,1706.79846191,1857.2833252,1.046354503445787,,1.1982900065901072,,1,3,
237,Wolves,Southampton,1739.90820312,1706.79846191,0.7533796267751348,,0.5896087654504617,,2,1,
238,Southampton,Brighton,1706.79846191,1724.37426758,0.7029039600763992,,0.48253800885258985,,1,2,
239,Liverpool,Tottenham Hotspur,1933.28735352,1816.67138672,1.8746853106465526,,0.09781658407828163,,3,1,
240,Manchester United,West Brom,1922.3458252,1621.23864746,0.7733681432825955,,0.9928672137268588,,1,1,
241,Wolves,Liverpool,1739.90820312,1933.28735352,1.1541362223856308,,0.9575510965662158,,0,1,
242,West Ham United,Crystal Palace,1799.13098145,1694.02648926,2.689137828555518,,0.38758880378593574,,3,2,
243,Sheffield United,West Ham United,1610.62585449,1799.13098145,0.9223886803943839,,1.2066757092826188,,0,3,
244,Newcastle United,Brighton,1712.66674805,1724.37426758,0.14823568019921066,,1.036825807260308,,0,3,
245,Manchester United,Arsenal,1922.3458252,1857.2833252,1.3853482473690033,,0.9976041260065827,,0,0,
246,Arsenal,Manchester City,1857.2833252,2014.91601562,0.4301525963053853,,1.3949299129168287,,0,1,
247,Leicester City,Burnley,1810.60266113,1716.9017334000002,1.0282018449088737,,1.1704381006294735,,1,1,
248,Brighton,Tottenham Hotspur,1724.37426758,1816.67138672,1.8200185010174719,,0.4817230952345327,,1,0,
249,Aston Villa,Leicester City,1731.87036133,1810.60266113,1.5139107407665404,,0.9435170172669523,,1,2,
250,Manchester United,Crystal Palace,1922.3458252,1694.02648926,1.1893420138444257,,0.6357925052435899,,0,0,
251,Chelsea,Burnley,1921.72802734,1716.9017334000002,1.5685773140877253,,0.3631583591223521,,2,0,
252,Crystal Palace,Brighton,1694.02648926,1724.37426758,0.38742949501297913,,2.680038492561208,,2,1,
253,Leeds United,Fulham,1775.25720215,1633.59924316,1.0277178227175328,,2.2056889358958087,,2,1,
254,Wolves,Crystal Palace,1739.90820312,1694.02648926,0.7222182316723341,,0.7407410990795568,,0,1,
255,Burnley,West Brom,1716.9017334000002,1621.23864746,0.5719610371323977,,0.7551782309099728,,0,0,
256,Chelsea,Chelsea,1921.72802734,1921.72802734,0.8178672146897598,,0.8178672146897598,,1,1,
257,Fulham,Sheffield United,1633.59924316,1610.62585449,0.9430744941851812,,0.6635250621974031,,1,0,
258,Wolves,Manchester City,1739.90820312,2014.91601562,0.5020014865380937,,2.396664902016956,,1,4,
259,Liverpool,Everton,1933.28735352,1774.03796387,1.4652124809808333,,0.6372002058067916,,0,2,
260,Aston Villa,Sheffield United,1731.87036133,1610.62585449,1.8979520160829624,,0.7437910873168997,,0,1,
261,Manchester United,Leicester City,1922.3458252,1810.60266113,1.2193268273129803,,1.0481712259461202,,2,2,
262,Liverpool,West Brom,1933.28735352,1621.23864746,1.713194932633734,,0.41822211498542505,,1,1,
263,Newcastle United,Manchester City,1712.66674805,2014.91601562,0.4860671217894841,,1.6231859534707775,,0,2,
264,Sheffield United,Everton,1610.62585449,1774.03796387,1.4334205053279063,,0.48034404651119644,,0,1,
265,Brighton,West Ham United,1724.37426758,1799.13098145,1.2360792259221518,,1.60320891825473,,2,2,
266,Tottenham Hotspur,Wolves,1816.67138672,1739.90820312,0.5106196483567516,,1.0578541625193196,,1,1,
267,Brighton,Arsenal,1724.37426758,1857.2833252,1.5221313150299292,,1.1214726091060159,,0,1,
268,Southampton,Manchester City,1706.79846191,2014.91601562,1.0343985175404582,,0.7549682656644483,,0,1,
269,Sheffield United,Burnley,1610.62585449,1716.9017334000002,0.8179731930516309,,0.8945274027393052,,0,1,
270,Tottenham Hotspur,Leicester City,1816.67138672,1810.60266113,1.1212332731817543,,1.4934388237745577,,0,2,
271,Chelsea,Aston Villa,1921.72802734,1731.87036133,1.9389616071396172,,0.7691420698759388,,1,1,
272,West Brom,Aston Villa,1621.23864746,1731.87036133,0.022175017164326655,,1.6323278052516468,,0,3,
273,Leicester City,Crystal Palace,1810.60266113,1694.02648926,1.2968369876282153,,0.7662461383469064,,1,1,
274,Chelsea,Arsenal,1921.72802734,1857.2833252,2.21044675043212,,1.1667021277376546,,1,3,
275,Manchester City,Everton,2014.91601562,1774.03796387,1.2597029068985925,,1.038221699098266,,3,1,
276,Aston Villa,Crystal Palace,1731.87036133,1694.02648926,3.2941719702230325,,0.834520300845366,,3,0,
277,Manchester United,Wolves,1922.3458252,1739.90820312,1.5539087651168868,,0.598368863008595,,1,0,
278,Southampton,Fulham,1706.79846191,1633.59924316,0.2791071783538021,,0.8398766618237136,,0,0,
279,Liverpool,Newcastle United,1933.28735352,1712.66674805,1.2110620646238917,,0.747228893155962,,0,0,
280,Burnley,Leeds United,1716.9017334000002,1775.25720215,1.942830228683066,,0.9154831258549396,,0,1,
281,West Ham United,Southampton,1799.13098145,1706.79846191,0.9950382791067629,,0.5093869858373907,,0,0,
282,Fulham,Tottenham Hotspur,1633.59924316,1816.67138672,1.2432255400434409,,1.9314246912904856,,1,1,
283,Leeds United,West Brom,1775.25720215,1621.23864746,1.0979153686760237,,0.26644498481888645,,5,0,
284,Brighton,Wolves,1724.37426758,1739.90820312,1.6984060373893812,,1.1035654766308638,,3,3,
285,Burnley,Fulham,1716.9017334000002,1633.59924316,1.4579485086315294,,0.9044527422836226,,1,1,
286,Manchester City,Chelsea,2014.91601562,1921.72802734,1.703979884983334,,0.7993732409787028,,3,1,
287,Crystal Palace,Sheffield United,1694.02648926,1610.62585449,0.9179688471059733,,0.510610365172217,,2,0,
288,Brighton,Leeds United,1724.37426758,1775.25720215,1.4102609001118764,,0.9236841867162868,,2,0,
289,Southampton,Tottenham Hotspur,1706.79846191,1816.67138672,1.0749648720511507,,0.9261905973266591,,1,2,
290,Burnley,West Ham United,1716.9017334000002,1799.13098145,1.6184353875253226,,2.3534967790443773,,1,2,
291,West Brom,Everton,1621.23864746,1774.03796387,1.1288845160759033,,1.0011004205035867,,0,1,
292,Fulham,Chelsea,1633.59924316,1921.72802734,0.5617895970172936,,0.9273575591024914,,0,2,
293,Arsenal,West Ham United,1857.2833252,1799.13098145,1.5775647248171607,,2.1592768286596864,,3,3,
294,Manchester City,Crystal Palace,2014.91601562,1694.02648926,2.16390674311982,,0.737806969818627,,2,0,
295,Liverpool,Arsenal,1933.28735352,1857.2833252,1.5668335046867556,,0.2746369614639255,,3,0,
296,Everton,Aston Villa,1774.03796387,1731.87036133,1.1350190865101886,,1.0076839028966569,,1,2,
297,Aston Villa,Fulham,1731.87036133,1633.59924316,1.418464561668113,,0.9561863706361351,,3,1,
298,Liverpool,Manchester United,1933.28735352,1922.3458252,1.7568023487404565,,2.022854476030786,,4,2,
299,West Brom,Chelsea,1621.23864746,1921.72802734,1.2649977387312534,,1.9548832927972342,,5,2,
300,Arsenal,Newcastle United,1857.2833252,1712.66674805,2.3978470668101384,,0.44231614991445656,,2,0,
301,Crystal Palace,Everton,1694.02648926,1774.03796387,0.7074730456330168,,1.8289301259173336,,1,1,
302,Southampton,Leicester City,1706.79846191,1810.60266113,0.35146999659903577,,2.091478244244064,,1,1,
303,Leeds United,Sheffield United,1775.25720215,1610.62585449,2.1102209949737434,,0.8052489781995079,,2,1,
304,Sheffield United,Tottenham Hotspur,1610.62585449,1816.67138672,0.6711023683374797,,1.4522994518579109,,0,4,
305,Leicester City,Manchester City,1810.60266113,2014.91601562,0.3495696457127106,,1.1068874139260847,,0,2,
306,West Brom,Wolves,1621.23864746,1739.90820312,1.023914640261716,,1.5129437061296733,,1,1,
307,Manchester United,Brighton,1922.3458252,1724.37426758,1.1608639088964303,,1.4082340670377838,,2,1,
308,West Brom,Arsenal,1621.23864746,1857.2833252,1.4555705899658755,,1.0717026202136848,,1,3,
309,Newcastle United,Tottenham Hotspur,1712.66674805,1816.67138672,3.5480299128735084,,2.0135869283592487,,2,2,
310,Aston Villa,Manchester United,1731.87036133,1922.3458252,0.6671850201177488,,1.1974665484867137,,1,3,
311,Southampton,Burnley,1706.79846191,1716.9017334000002,1.787115519370355,,1.0393147799726676,,3,2,
312,Burnley,Fulham,1716.9017334000002,1633.59924316,1.852366468496683,,1.8020717644009037,,2,0,
313,West Ham United,Wolves,1799.13098145,1739.90820312,0.9966657935902116,,2.1088050921047454,,3,2,
314,Tottenham Hotspur,Leeds United,1816.67138672,1775.25720215,0.819260167481045,,2.0142277388485637,,1,3,
315,Everton,Brighton,1774.03796387,1724.37426758,0.427884834679096,,1.6333208142340967,,0,0,
316,Newcastle United,Leicester City,1712.66674805,1810.60266113,1.5109943404837138,,2.4638691582789254,,4,2,
317,Newcastle United,Burnley,1712.66674805,1716.9017334000002,1.3874661524902678,,2.487999238537702,,2,1,
318,Southampton,Liverpool,1706.79846191,1933.28735352,0.7920385181139018,,1.6747889700047622,,0,2,
319,Crystal Palace,Chelsea,1694.02648926,1921.72802734,0.303428244684745,,2.7281125903024814,,1,4,
320,Chelsea,Manchester City,1921.72802734,2014.91601562,0.668537297323226,,1.179732810830802,,2,1,
321,Wolves,Fulham,1739.90820312,1633.59924316,0.7437858764128704,,1.1757294408115286,,1,0,
322,Crystal Palace,Sheffield United,1694.02648926,1610.62585449,2.0139467669023445,,0.8857631398599461,,2,0,
323,Liverpool,Aston Villa,1933.28735352,1731.87036133,1.9999351962289067,,0.8160787175829431,,2,1,
324,Everton,West Ham United,1774.03796387,1799.13098145,1.4889589397714786,,1.1429111131404441,,1,0,
325,Manchester City,Leeds United,2014.91601562,1775.25720215,2.5327874443554483,,0.11104422000424853,,1,2,
326,Brighton,Wolves,1724.37426758,1739.90820312,0.6086999074664278,,1.0668552115864105,,1,2,
327,Sheffield United,Arsenal,1610.62585449,1857.2833252,0.46571775026962614,,1.0908267645166227,,0,3,
328,West Ham United,Brighton,1799.13098145,1724.37426758,1.60906752305556,,0.47608607532947383,,1,1,
329,Tottenham Hotspur,Manchester United,1816.67138672,1922.3458252,0.9048935003347292,,1.714763371359402,,1,3,
330,Leeds United,Burnley,1775.25720215,1716.9017334000002,1.353924144882705,,1.1097864121031689,,4,0,
331,West Brom,Southampton,1621.23864746,1706.79846191,1.6590069391041298,,1.1444924135519394,,3,0,
332,Everton,Sheffield United,1774.03796387,1610.62585449,1.6743137586573331,,1.0969459178394136,,0,1,
333,West Ham United,Leicester City,1799.13098145,1810.60266113,0.3918542516852247,,1.3902824982308295,,3,2,
334,Manchester United,Leicester City,1922.3458252,1810.60266113,0.42422355793522903,,0.8431183349132526,,1,2,
335,Fulham,Arsenal,1633.59924316,1857.2833252,0.23213759608141876,,2.178544884088616,,1,1,
336,West Brom,West Brom,1621.23864746,1621.23864746,0.8239686724502036,,0.8239686724502036,,1,1,
337,Manchester City,Aston Villa,2014.91601562,1731.87036133,1.1711339673529262,,0.7854625669494353,,2,1,
338,Arsenal,Chelsea,1857.2833252,1921.72802734,0.39212975776808184,,1.9624154588594496,,1,0,
339,Brighton,Chelsea,1724.37426758,1921.72802734,0.5455132069238224,,0.6102811522677605,,0,0,
340,Newcastle United,Manchester City,1712.66674805,2014.91601562,1.3238455285373867,,1.085778380351905,,3,4,
341,Everton,Tottenham Hotspur,1774.03796387,1816.67138672,1.5765127381244792,,1.0036954262470155,,2,2,
342,Southampton,Fulham,1706.79846191,1633.59924316,1.3726551265223537,,0.9111169670291541,,3,1,
343,Liverpool,Leeds United,1933.28735352,1775.25720215,1.4278822079974738,,1.7377449029887784,,1,1,
344,Tottenham Hotspur,Wolves,1816.67138672,1739.90820312,2.8361774092572354,,1.1255998734036619,,2,0,
345,West Brom,Leicester City,1621.23864746,1810.60266113,0.6453342156477804,,1.4304608500715712,,0,3,
346,Aston Villa,Crystal Palace,1731.87036133,1694.02648926,1.5283752578119174,,2.228666935498147,,2,3,
347,Burnley,Manchester United,1716.9017334000002,1922.3458252,1.0326520382898494,,2.1176895291896365,,1,3,
348,Brighton,Manchester City,1724.37426758,2014.91601562,1.4759745802515847,,0.9283575332961952,,3,2,
349,West Ham United,Newcastle United,1799.13098145,1712.66674805,1.402802349016841,,1.822395436672008,,2,3,
350,Burnley,Liverpool,1716.9017334000002,1933.28735352,0.9310909157423101,,2.1350910897312496,,0,3,
351,Crystal Palace,Southampton,1694.02648926,1706.79846191,0.9427414309231895,,1.0900333106402946,,1,3,
352,Chelsea,Leicester City,1921.72802734,1810.60266113,2.7654218230804393,,0.6395182413510653,,2,1,
353,Sheffield United,Wolves,1610.62585449,1739.90820312,0.4905562242555506,,1.2522176284046762,,0,1,
354,Crystal Palace,Arsenal,1694.02648926,1857.2833252,1.7388790509800596,,1.394887533788215,,1,3,
355,Everton,Arsenal,1774.03796387,1857.2833252,0.662228966391655,,1.0442550795989731,,1,0,
356,Everton,Wolves,1774.03796387,1739.90820312,1.3516217930286734,,0.6165719244307105,,1,0,
357,West Brom,Aston Villa,1621.23864746,1731.87036133,0.6271470376470085,,2.8545741882136024,,2,2,
358,Manchester United,Fulham,1922.3458252,1633.59924316,0.9072412716715518,,0.8038897011676658,,1,1,
359,Tottenham Hotspur,Fulham,1816.67138672,1633.59924316,0.9695234467747718,,0.961353128700536,,1,0,
360,Newcastle United,Sheffield United,1712.66674805,1610.62585449,1.8882129098941918,,0.9641561748646722,,1,0,
361,Leeds United,Manchester United,1775.25720215,1922.3458252,0.3135252549998155,,1.3101555567539809,,0,0,
362,Southampton,Leeds United,1706.79846191,1775.25720215,1.6797919883621275,,1.3026712296734444,,0,2,
363,Leicester City,Crystal Palace,1810.60266113,1694.02648926,1.0320208232352783,,0.49884452955686265,,2,1,
364,Tottenham Hotspur,Aston Villa,1816.67138672,1731.87036133,0.7084569711190487,,1.5479990931282237,,1,2,
365,Newcastle United,Liverpool,1712.66674805,1933.28735352,0.6152668295883587,,1.875706796966064,,1,1,
366,West Ham United,West Brom,1799.13098145,1621.23864746,2.758582085923446,,1.098608216408475,,3,1,
367,Southampton,Manchester City,1706.79846191,2014.91601562,0.9542954275934659,,1.929291386738648,,2,5,
368,Arsenal,Brighton,1857.2833252,1724.37426758,1.090406638531371,,0.2380188479716931,,2,0,
369,Sheffield United,Brighton,1610.62585449,1724.37426758,0.5960274624911125,,1.921336567665814,,1,0,
370,Chelsea,Aston Villa,1921.72802734,1731.87036133,2.4906785082742657,,0.48214012036674997,,1,2,
371,West Ham United,Chelsea,1799.13098145,1921.72802734,0.47583413845900324,,2.1266886426043983,,0,1,
372,Fulham,Newcastle United,1633.59924316,1712.66674805,0.9911875595665686,,0.8231518527405854,,0,2,
373,Wolves,Burnley,1739.90820312,1716.9017334000002,0.5072300574189517,,1.9318744707144155,,0,4,
374,West Brom,Leeds United,1621.23864746,1775.25720215,1.2496447793826921,,1.9486338029154406,,1,3,
375,Tottenham Hotspur,Leicester City,1816.67138672,1810.60266113,1.5223429541587936,,0.8356426204513197,,4,2,
376,Liverpool,Crystal Palace,1933.28735352,1694.02648926,2.21663889847306,,0.35418127572227887,,2,0,
377,Manchester City,Everton,2014.91601562,1774.03796387,1.8518978614141217,,0.5019490046001464,,5,0,
378,Sheffield United,Burnley,1610.62585449,1716.9017334000002,0.9119137794581788,,1.6589012616181589,,1,0,
379,West Ham United,Southampton,1799.13098145,1706.79846191,1.1782044072899494,,1.5177654845431985,,3,0,
380,Wolves,Manchester United,1739.90820312,1922.3458252,1.4249401315226864,,0.9105756397889522,,1,2,
